"Currency";"Rate"
"USD";1.0
"EUR";1.18159
"GBP";1.376465
"CAD";0.7891912368205063
"AUD";0.73751
"JPY";0.00961
"CHF";1.0857056000694851
"BTC";46434.0
"RUB";0.01315
"KWD";3.266935
"SAR";0.26661334399786707
"UST";0.0
